{"cameraMode":{"drawMode":0,"name":"Shaded","section":"Shading Mode"},"sceneLighting":true,"audioPlay":false,"sceneViewState":{"showFog":true,"showMaterialUpdate":false,"showSkybox":true,"showFlares":true,"showImageEffects":true,"showParticleSystems":true},"in2DMode":false,"pivot":{"x":1.887059211730957,"y":-1.1867752075195313,"z":-2.116861343383789},"rotation":{"x":-0.02609887160360813,"y":0.9673125147819519,"z":-0.22629596292972566,"w":-0.1116202250123024},"size":22.329999923706056,"orthographic":false}